brand_id,product_id
hoshanho,B0DX6Q61D5
paudin,B0F6L7GRHZ
paudin,B09N6WQ84Q
patikil,B0DDQ21S4V
cuisinart,B07SMN6GXB
hoshanho,B0DS2HTK9N
nanfang brothers,B0B295J4L2
paudin,B0FSTF4FSN
knifesaga,B0F1XSJ9YS
paudin,B0FSZV7WYB
paudin,B0DFH6VZ5B
paudin,B0DSHYXVPN
sunnecko,B0DJGDXWBW
cuisinart,B0DG9Y57NY
d.perlla,B09DKSJ7JF
ayanica,B0CW3FZR24
paudin,B07P46SQPW
paudin,B0DM83MFMC
paudin,B09SB8F3FD
henckels,B084G8Y5M4
paudin,B0DSJ36HHZ
paudin,B0DM7XB86G
paudin,B0DM84Y4XT
paudin,B0FCXWCXY4
paudin,B09797QVT9
cutluxe,B07W85ND8W
mad shark,B0C2Z6L1XB
knifesaga,B0CG8WC1BV
paudin,B07P46QB4K
sunnecko,B0C77KYXKK
paudin,B0979798RL
keemake,B0CTK42ZNP
findking,B07TWRGXMG
paudin,B0DM9K3ZQQ
paudin,B09N7CPC5B
cuisinart,B0CFSTGQ34
keemake,B0F53T1C9V
paudin,B099S2DB85
paudin,B0C37GLKHZ
paudin,B0FWQV72CL
katisun,B0DLZDWWCM
cuisinart,B00GIBKCGC
cuisinart,B0DGB59ZT9
kitchenaid,B0FL9DZ9HV
dockorio,B09BQV3XNF
cuisinart,B0CG2BFKDM
nanfang brothers,B09NN1FHJG
hoshanho,B0C6X91FCZ
kuisine,B0CMZ7N6Z8
paudin,B09N7FCX8W
sunnecko,B0C8HXRQN7
paudin,B09793FKG8
brodark,B0CFXWNSP8
hoshanho,B0CWH4MF7W
paudin,B09N7F6C3V
paudin,B0BMFTPFSY
imarku,B0CZ747XJJ
paudin,B0FSZKDY88
dragon riot,B0DF2W38BD
d.perlla,B09V4X692D
paudin,B0DM9ML5D3
imarku,B0CDGYRRPY
hoshanho,B0FFMGKQFB
henckels,B08V399L1Z
martha stewart,B0C6XGY493
shan zu,B0B1DK264D
paudin,B09797YFYY
paudin,B0DSJ1CNQ2
paudin,B09FXJ6GMH
kitchenaid,B0DD56SV3N
tuo,B01GL5G6O6
cuisinart,B01M4HMVAA
paudin,B0DM82G931
cuisinart,B00LI03Q7K
paudin,B0D86YBQXZ
bulofe,B0DFYRDYD8
yusotan,B0DNW1X8Z4
shan zu,B09Y5NZ1WC
aomiesen,B07ZY4S51Z
paudin,B0DSK8P872
oou,B0B62LSJMN
hoshanho,B0CBS9FTDX
paudin,B0DM8363RQ
paudin,B09FL98DFP
paudin,B0DSK7JYLW
paudin,B0CYXGDTVJ
zilnehz,B0DKFYLVNL
cuisinart,B07S2TDMBK
paudin,B0DM82BWSR
paudin,B09N7G38FP
kangdelun,B0FBRQRPLX
paudin,B09S9YQS7W
paudin,B09D3DZCQB
cuisinart,B07QHHXMFR
cuisinart,B0B8MLGQFQ
paudin,B0C37CN71P
princhef,B096XCY3S9
dragon riot,B0FBWK81R9
henckels,B0BMNQMH9J
paudin,B0DM81MGR9
hoshanho,B0FG7HCKJG
mdhand,B0D9H46D1S
paudin,B0CJV6S9PW
cuisinart,B01KQKGDAY
eatneat,B076QGYHDK
kitchenaid,B08ZQPYCBM
dnifo,B0FK1X9R79
paudin,B0DM856S88
kangdelun,B0CHQVGGZM
paudin,B09Q2Q2HQ3
cuisinart,B0CLQXN88Q
cuisinart,B00GIBJZWO
cuisinart,B0DBJSS5LD
cuisinart,B00LSV613K
paudin,B0DGQKV614
paudin,B0C37G8DCK
paudin,B0DM82NK7J
paudin,B0DM7ZZ952
paudin,B09Q2Q7KF5
kanngou,B0FMQZS2RL
cuisinart,B06WVBM57D
syokami,B0DZ2BRPLL
huusk,B0F4N7HL8V
hoshanho,B0DCV9V2PV
paudin,B0FQHT7Y9V
wizeka,B0CD1ZL3J6
paudin,B07K46875F
shan zu,B0B1T6M6ZV
oaksware,B0BJ6RKT38
paudin,B0DGQLD5Q1
huusk,B0DRGFJWCZ
cuisinart,B09HCX44GK
paudin,B0DSK8342X
fullhi,B09WGR7W5W
kitchellence,B079WWFZY6
nanfang brothers,B09K7J96QV
cuisinart,B06WP5B4VR
nanfang brothers,B0DLMM4FKQ
brodark,B0FNMXZVMH
andong,B0D9QR9MZ4
ibeike,B09S5SMGBJ
paudin,B09NLLR8HV
paudin,B07XB21HD7
shan zu,B0FXWXC6KM
shan zu,B0CXJ94WM3
matsato,B0CLVMXH3Y
paudin,B0GJ3K1LH7
cuisinart,B07STD2G1C
henckels,B08VJLYQ5D
paudin,B0FCY5NC6N
paudin,B09YK8J9G6
paudin,B0C37F8XRD
paudin,B097992WN4
oxford chef,B01MT566O0
huusk,B0CYP352KZ
paudin,B0BYNVPZ23
paudin,B0DSJ3GLNQ
paudin,B0DCZ2SP6K
paudin,B0FWQZBC8N
paudin,B07KC84X95
paudin,B0D9Y3LHHP
paudin,B0979618DB
cuisinart,B06XYSXS9F
paudin,B09SB3P9HP
hoshanho,B0CQCLHBHK
cuisinart,B06XKYMXFN
patikil,B0DDQ1Q7TN
dura living,B09JPFSNVC
tuo,B01GL50U70
paudin,B07VWJTN1W
diagsh,B0BTLH8J6B
tivoli,B0DP6LBV7H
paudin,B0D871PMKQ
paudin,B0F6L991NK
paudin,B0CQ2KQFQ8
zwilling,B007I1PLO4
paudin,B0DPQMPJG6
paudin,B0F66FX734
coquusaid,B0F4RB57PB
paudin,B099WPXP54
paudin,B0D4DCRXW8
paudin,B0FWQJ6S34
paudin,B09S9TRHN5
paudin,B0DM9KC21C
brooklyn cutlery,B0DDRTS1ZM
zwilling,B00008S0TA
paudin,B07XD39KRG
paudin,B0G95BGKN7
klaus meyer,B0F23DWMK8
mad shark,B082PDGCWW
paudin,B0FWQYMLHG
paudin,B09DSYHCTY
hoshanho,B0C6WYBQTH
amorston,B0FM83SLTL
emojoy,B07H6WGWMD
xanapon,B0DQ8WWPGP
cuisinart,B01DUT3QSU
haugo,B0FQMJQM6Y
syokami,B0D149W1ZQ
kushank,B0CZ718G51
fohere,B0F18JYXG2
imarku,B0FXGRC4PH
cucut,B0CNZ97KND
mac knife,B0006MM4RE
huusk,B0DNSWRZV7
wuleeco,B0FWYKP87T
mdhand,B0FQN4YMF1
cangshan,B0B6QDC7SQ
ethyxe,B0FCGDLDTH
topfeel,B09QLTP7N6
drgskl,B0D44Q9ZCL
mccook,B073J61P62
wangmazi,B0DT6G3SZM
hanmaster,B07QHQXY9G
elitequo,B0FLXBXVWN
keemake,B0DM1QVV37
amorston,B0CFXNZ26Z
drgskl,B0F3X9GF9J
vestaware,B0FQJ4DT9Q
chicago cutlery,B08YMKNDNY
misen,B0DZJ7T45L
klaus meyer,B0F734G1ML
kuisine,B0F332XQS4
la onirique lux living,B0DLXK9PHN
home hero,B0BQC3LSTH
czeslaw,B0D58K9X77
hoshanho,B0CP5QXC1H
toplucky,B0FDWWLQJM
amazon basics,B09WW6VGHX
chef craft,B071S6FYPV
zunmark,B0F4X1P12D
qegnobok,B0FXG4SS9N
mad shark,B07JB658KV
nanfang brothers,B09Y159535
home hero,B0BWYH3D6G
cook n home,B0CDB1F42P
imarku,B0C61SJWDD
imarku,B0FY68P8PN
martha stewart,B0DFZG4CR3
brewin,B0FCKGK5R6
kitchenaid,B0CYV7S6ZH
hoichhua,B0F4J7D8TG
shan zu,B0B9SK369P
calphalon,B0DQ264PDV
goodcook,B000MP79QG
yosfo,B0DH3K1KK5
boston steel,B0D8JM4HJM
bolexino,B083NPV1H3
knifesaga,B0DWSWPZ5Y
ddf iohef,B0C4YQDZ58
hampton forge,B0DLKDH43D
xyj,B09Z6JXZR8
mccook,B09G6QX21B
nutrichef,B08HZC6G87
paudin,B095PG6S8F
ddf iohef,B0D45BB9JC
huusk,B0D2RL9LRL
yatoshi knives,B0F3KWZQ61
piklohas,B0CCV7SFQZ
kyoku,B0C36WLZNB
astercook,B0F5WP3TGT
ishetao,B072B81PLD
astercook,B0BFQLRHTJ
amazon basics,B01B3GARVG
kuisine,B0DLH58TSK
mccook,B09KTLNZFH
cooluxry,B0FJF65WFZ
knifesaga,B0FLXXDHTH
hoshanho,B0CSFG6GL3
winco,B01JPUVQCQ
henckels,B009CS63KW
dearithe,B0B6PKCXPL
imarku,B0DK877JNQ
astercook,B0FKH7Q1ZN
tivoli,B0FP28Y6W5
mac knife,B007HB2274
brodark,B0FNQV86F7
dragon riot,B0DSP9ZJVG
henckels,B00004RFN0
kuisine,B0F38JCVQ6
retrosohoo,B0F9PSPTSC
canku,B08JLG355F
vvwgkpk,B09Q5Y461J
oakvy,B0DCX5P4QQ
fullhi,B09WGXN7XV
cohesion,B09FP64L57
kershaw,B0D5MLTGDG
astercook,B0DBVHF1FT
kihinewchten,B0DBHLFR7S
hoshanho,B0CKZ1MJ7Y
wizeka,B0CDNYGWN5
canku,B08JCV2PF6
astercook,B0FCS63GVJ
nomadic outpost,B0CGRYSD85
bright hobby,B0BLVB4VNC
haugo,B0FP4LWWDD
paudin,B07BK4YVB3
cuisinart,B0916H4ZSS
funistree,B0CCS4N5Y6
katisun,B0DFH18683
brodark,B0DPF66VGH
moss & stone,B07BZD6HFZ
keemake,B0DM1TBSV2
meiflolu,B0D666F3ZT
astercook,B0D3LP4SX7
babish,B0CGKM92PQ
cutco,B0BFJJNVPP
vorgexora,B0F596KFF8
hoshanho,B0CRYD2V9Z
diamosteel,B0D1MW2BMB
imarku,B0BFR8TJVX
aisyoko,B0CYGVBJJP
cuisinart,B00FLQ4EE6
knifesaga,B0F674HM8P
henckels,B0DPXSDG24
astercook,B0DLKJM5H1
goodcook,B00629K3QY
huusk,B0F2M3YXMY
hoshanho,B0DQXNCHDX
yatoshi knives,B0CSLZD91K
ikxo,B0CQP1LSHS
henckels,B00DAYTSEM
oster,B0DGWMNZJP
piklohas,B0CJ4X88K2
oaksware,B0BGLQW3MT
goodcook,B01058QNFM
carote,B0C4T1PBM6
winco,B074FD5XHK
euna,B0D946LJ39
keemake,B0DMVBD475
astercook,B0DS63QLYG
hoshanho,B0DS2GFCPG
cokinutvalleyus,B0F9JZV55F
syokami,B0C3TQ56CR
imarku,B086PDSJ49
wangmazi,B0FNC9LVLQ
generic,B0FLYHKQG8
yarenh,B07ZMKC5S9
astercook,B0BW91HX7D
imarku,B0B8Z7TQD1
mccook,B0DDKQ9B7K
topfeel,B0C13WZR6K
mccook,B09GBBMTNS
arrtcy,B0D4MMGCDQ
cutco,B08FMTRFLW
styled settings,B0CY6Q6L34
astercook,B0C1YBPJ43
mac knife,B00CLALZTM
hueease,B0FCBVHD6D
cuisinart,B086TLTHNZ
carote,B0D8VX9NN9
knifesaga,B0DB5GWLL4
kitnats,B0CQLRDK5Y
henckels,B09C919JXR
astercook,B0DBVFM1P9
knifesaga,B0F1XPMZVR
oaksware,B0BJ2Y7212
cokinutvalleyus,B0DJ71XWCZ
goodcook,B0028LVP8U
mdhand,B0DGTC4LDV
henckels,B09RTGH1CZ
farberware,B098YPVMSK
mossy oak,B0FJ889RB6
styled settings,B0B41Z8Q9B
home hero,B0BKH3TKKZ
klaus meyer,B0CYNVKF7N
ytuomzi,B0B4D8KNM8
kershaw,B0D5MNGXFD
cuisine::pro,B0FMKFTGDJ
wakoli,B08LL7J1P3
cuisinart,B00N9HWFLS
fikshot,B0DYSJWY1X
huusk,B0FNR69Y2D
hampton forge,B07CKN631X
cuisinart,B0DGBDPKDB
romanticist,B0FL25YQ5J
weerltem,B0D44D5RZX
nanbone,B0FHQ2S63C
klaus meyer,B0CYNCD8ZR
meiflolu,B0CS36TCF8
hoshanho,B09Y91CSXD
syokami,B0FY2TH4YM
xyj,B0C8498R24
hoichhua,B0FCLHN2PJ
kuisine,B0F32V5H6J
henckels,B073RSLMQZ
masterchef,B0CN3KPCT1
henckels,B091MKV91D
imarku,B0BXNXC6N4
hoshanho,B0D2HYQZGC
michelangelo,B074T6C4YS
bloomhouse,B0D4B55VXJ
ksendalo,B0DK8R44GD
aisyoko,B0CXY2LNJY
winco,B00C0N782I
paudin,B09MVWT85R
d.perlla,B0FSRWLLFB
gourmetop,B09GG9G6XS
henckels,B0FL1M7TPX
hampton forge,B003AUUD9U
simcoker,B0CMGJBW6S
syokami,B0C9LP36Q5
retrosohoo,B0F9PVTKS3
imarku,B0865TNBKC
goodcook,B0028LXDQ2
miki,B07H7RZ35X
fodcoki,B0DRS7927P
retrosohoo,B0F9SM29R5
imarku,B0F1T3CRTF
hoshanho,B0FFB3XYJQ
mealia,B0DFCK3FZ6
generic,B0FX1D2TF6
styled settings,B08DDFW9BB
findking,B07QG2L8F1
fintiso,B0DGFZ24QP
styled settings,B0DYP24DHR
henckels,B08DJ7BS81
huusk,B0FFMJXW66
hoshanho,B0DGL99D84
topfeel,B0CF183C4S
marco almond,B08GPBSC61
xyj,B0FM85S1VX
kosha,B0DT71D3KV
henckels,B07FPG9NVL
jf james.f,B0B3DK79KK
topfeel,B097GXM3HG
marco almond,B07HGRSC74
imarku,B0F9WMG8VG
cuisinart,B09SBQP6C4
emojoy,B0FZRXW3K2
mccook,B09KT6YX71
astercook,B0DFP565XX
cangshan,B09WNFY6GW
kershaw,B0D5MJKC1T
cuisinart,B08FVCDNW1
wizeka,B09XTVYY5G
kingstone,B0CG69W9R9
musifan,B0DQ7ZHH31
vremi,B077G3QP39
mdhand,B0DGTCRYT2
ddf iohef,B0D5X4GRCG
tilibeika,B0DPVKZZ1Q
d.perlla,B0CX1SRB66
chimecook,B0F1XDZY82
hancorys,B0F8ZJPX89
wellsure,B0BY9N8B33
huusk,B0DRGDQJL5
yatoshi knives,B0D9KYN8XH
kihinewchten,B0FY2P71J5
sunnecko,B0B3DM77BQ
astercook,B0BVXQG121
mccook,B089SQ3CG2
cuisinart,B01DUT3QQW
hampton forge,B0DHLVCRQ9
goodcook,B00714PXOG
astercook,B0F9KPDCB2
cuisinart,B00GIBK06E
klaus meyer,B0F72WYX9R
shan zu,B0D41MKGZ5
amorston,B0CSXWXWFW
magicorange,B0CB159CM2
cangshan,B01BW4BWRC
cutluxe,B09YYN551Z
hoshanho,B0C1BQTQKL
imarku,B0CZ72CNRV
keemake,B0FF925BQL
hoshanho,B0F9FCYKJZ
keemake,B0B2VS8TDH
housewish,B0CVQXSN17
misen,B09DQ9FSBB
huusk,B0D5Y33CWF
marco almond,B07HGTGN3K
imarku,B07PT5MT1H
mccook,B07RTH8LM7
asety,B0FHKS71B4
generic,B0DTWWS6LD
xyj,B0BFX1CQVH
knifesaga,B0DC9NDHVN
linoroso,B0CNCN28PX
nanfang brothers,B0CF1ZX18N
mdhand,B0FG2S91V1
chicago cutlery,B0B9CKRF1Z
retrosohoo,B0DSBJYGHR
xinzuo,B0CH12X12D
imarku,B0BG8SPHTD
imarku,B0DK87WJ39
ewfen,B0FP5MTLP7
new england cutlery,B00V871QBG
coolina,B08FJB3BT2
diamosteel,B0D8KYP2YG
paudin,B09SZ1LC36
wanbasion,B07GH3KQS5
knifesaga,B0D6BM4PDD
enoking,B0B5DPM2XX
kofery,B0D2CVPV8K
zhang xiao quan since 1628,B0D1CGLWNX
legend cookware,B0CMFBMBD7
mac knife,B000N5BUWY
brodark,B09H3BFS6M
mdhand,B0F1FY2HQY
chushiji,B0CWP6367T
keemake,B0FVRRZGZX
cangshan,B0C4BC9ZKW
keemake,B0FF8PN8G9
amazon basics,B00R3Z49G6
kuisine,B0FN3BKD2S
hoichhua,B0FP4P5BQT
cuisine::pro,B0FMH2Q911
amorston,B0CRGVPK86
katisun,B0FX3S3LP1
paudin,B07KC949P2
sandewily,B08SBF774C
imarku,B0FXG82C8S
aisyoko,B08YXRRTHV
nanfang brothers,B0CFYBSSB5
asety,B0BB1B45SR
cutco,B0CN3TL8X9
astercook,B0D1Y5M4RL
wickwillow,B0DNQYN6TY
tancuzo,B0DGGV93PR
imarku,B091F7LK55
henckels,B07XQN2T36
masterchef,B0CG6BVDQC
fohere,B0CWPCGCX2
cokuma,B09NW1J2NW
oddier,B0DGGCS6ZB
masterchef,B0CN3MJPJQ
hoshanho,B0DP9TF9ZB
xchief pro,B0D98FCMGP
knifesaga,B0D22R6RXB
la onirique lux living,B0FJGDF1CS
zoxa,B0FR39RVYS
astercook,B0DFPS1TCV
astercook,B0D2DFP5KG
mad shark,B0CSK1LNS1
umite chef,B0FQ4YPVKC
astercook,B09XTZXF39
d.perlla,B0DM9DC9ZW
senken knives,B0C9RB4KZD
astercook,B0DHKV296C
fohere,B0DZ5X35RZ
cooks standard,B0CC3JW4D3
wopzra,B0D8G2QVQ2
cutco,B000L17BQ4
astercook,B09DK23PM1
cutco,B005116W4G
goodcook,B0028LVP7Q
goodcook,B00629K4B8
tudoccy,B088KHCNKS
shan zu,B0D41LZ8YT
brewin,B0CWRCCFTM
enoking,B0C77YHGY9
mossy oak,B0BFWF1PKF
mad shark,B0CCJ3FCCW
vestaware,B0F8VDDW8F
kuisine,B0D7QCZVZR
kitchenaid,B08ZQPCYTQ
imarku,B08BCFRNXN
imarku,B0FXMCV6NC
fintiso,B0DDXL1BFD
dream reach,B086L5JB2K
mac knife,B0006NKY16
cutluxe,B0DKMKXTMM
tijeras,B0C65XF3HN
cutluxe,B0DKMH6QMP
euna,B0D944SYMB
imarku,B0D2X9NPY3
hoshanho,B0CD7FMZ67
marco almond,B0BFH6ZWWB
deco chef,B08KSKCDX4
master maison,B08CD3XNRL
styled settings,B0DNR2JTX8
oou,B0B62H439B
raxco,B0FCD8J1FV
cutluxe,B0DKMF9N4S
paudin,B09SZ26VKV
katisun,B0CKXSGV8F
drgskl,B0F3XBL19G
lingxianseng,B0F4D2PCSG
cathylin,B0DNJVFJGS
emojoy,B0DZHL47FD
kihinewchten,B0DP4C28T2
imarku,B01DDBJF12
hampton forge,B07CV159WD
astercook,B0FJ1M2J1S
tivoli,B0FP2B3RFG
kitnats,B0F9Y8SSD7
generic,B0G6WCCXXM
imarku,B0DQYB15NG
astercook,B0F9KV3KXZ
astercook,B0B3XL63RG
huusk,B0CYCF1FCK
kobach,B0GD6Q5JRJ
fikshot,B0DPZM3T9W
daily chef,B0019BL6ZC
lingxianseng,B0F4D4YXKF
waldwerk,B0CXV6PRZP
drgskl,B0C27DQDHD
trivon,B0FR4LSKPQ
mdhand,B0DFW8YTK6
brodark,B0FQBQM676
cangshan,B0BS49P3Q9
arrtcy,B0DM2KVB77
astercook,B0DYP3J5BW
astercook,B0FFSXPHZC
keemake,B0B5WMW2YN
mossy oak,B0F8MLKJMT
paudin,B0DGQLGFW7
aokeda,B0D7HFN6RY
biezumn,B0FQBRVYKL
schmidt bros.,B08FP28KRT
e-far,B0F43VSXFN
xyj,B0D41P3HKS
wakoli,B0C9JVQ2RB
five cows,B0FFS8C592
cutluxe,B07L8QTX4C
ninja,B09B7WRM8P
klaus meyer,B0FKRQSSG8
funistree,B0DHX4KL9F
msy bigsunny,B08FB6TGN4
fullhi,B0BJB6MHTQ
astercook,B0CL4FRXL3
ishetao,B0BV5PYV67
kuisine,B0FN3NJ8JT
mac knife,B000N5BV5K
cokinutvalleyus,B0F9KVH8JK
knifesaga,B0CSYKLLJ5
hampton forge,B07H4GYMTB
kitchenaid,B0CYV3WZ3L
imarku,B0C6QKW4SM
astercook,B0DS2231P6
imarku,B0FX2R2HYD
shan zu,B0FJKZGF9P
emb,B0BZQL5HJF
emojoy,B0FPFP76B3
kyoku,B07BJZ8WSP
cuisinart,B09HCX9BTV
musifan,B0FHH525HX
goodcook,B0FKW5ZDJK
cutco,B07CWG761K
senken knives,B0CN2WR336
bomass,B0DGGLRDZP
henckels,B09RTDPM5T
dajoujs,B0FV8KV1K7
drgskl,B0D5QTFZVJ
astercook,B0D9B96TBX
chicago cutlery,B004OC1PQI
haware,B0F5W992LB
henckels,B09RTDZ14W
kuisine,B0CN6KZF47
numola,B07X1XMGVX
cook n home,B07PPD7931
henkeliving,B0FZJ3L1SB
goodcook,B003UERCR2
bomass,B0DPZ6B2SZ
mosfiata,B07Q1FFC65
astercook,B0DFPBQ82Z
marco almond,B097C3ZS9X
oster,B0DPGRS6JY
generic,B0FZC8HXSQ
henckels,B0CZ2G8112
bloomhouse,B0CDMK4WX4
astercook,B0DPMWVQX1
styled settings,B0B41YBLF7
cook n home,B074V3LZB5
mccook,B08FJDVTS2
cangshan,B0C5KKM7T8
cuisinart,B01ALYD1WI
mac knife,B000RKS1YK
farberware,B007RWD11Y
mad shark,B0C2Z331TX
marco almond,B0CGXJ1F9W
brodark,B0B974GRLY
vvwgkpk,B09Q5KPFXM
mdhand,B0D9JBVST5
dockorio,B09BQWMZ45
astercook,B0BW9239PC
carote,B0DB7Y69T4
zoxa,B0FMG2Z3TZ
imarku,B0FXGVVN4N
brodark,B0DF71RVQZ
cutluxe,B0CV4B6Y7C
kunyuan,B0F8N649LZ
astercook,B0DG8W5G6C
scole,B0B4N5SFBP
svensbjerg,B083RGV4R1
paudin,B0D4CWNSHC
xchief pro,B0DKPD61BQ
zongchuan,B0DF56YGN8
cutluxe,B0D7W3SYMR
cutluxe,B08CK2HHZY
oster,B004E33WWM
meleho,B0DJ2BYTPM
imarku,B0FC6BDKFG
fullhi,B0DMQXYRHP
oster,B0BW4Y6B95
huusk,B0F2M4MWTQ
coquusaid,B0CTGWJJM9
keemake,B0D735X3T3
henckels,B00GHX5HGG
winco acero cutlery line,B0773S2V6R
knifesaga,B0DK11DSK5
amazon basics,B00R3Z3ZF2
kyoku,B0F6YC3DHZ
henckels,B083Y587M4
astercook,B0CL96FX6Q
xyj,B0D2RKM464
little cook since 1995,B0D2H4BGFQ
emojoy,B0DHR9WPQN
ifomaps,B0F2TBYJ5H
kuisine,B0D2HNGPGV
cooks standard,B0CC44FJ2X
styled settings,B0BFH5D4LQ
martha stewart,B0BNJWWR3S
kai,B0029XAAQ0
wangmazi,B0FQV4TYYL
astercook,B0D1Y4J72B
henckels,B0FL1KV4YQ
imarku,B0CCSF72QW
kimura,B0D519XN4R
ewfen,B0FP5FN15M
topfeel,B0DJXSGWG6
brodark,B09PVB1HYR
huusk,B0BCVZGPVM
kawahiro,B0CZSRC6CL
henckels,B08VJLHSXD
wickwillow,B0DNQKM1FT
imarku,B0FJD9WNCP
shun,B003B66YKA
huusk,B0DRGDP5ZF
imarku,B0FJL5DNSJ
imarku,B0DFQ499XV
huusk,B0DB7VSY2R
brewin,B09YQXJDX5
xinzuo,B0DZMT6CWD
imarku,B09B9Q8TMC
imarku,B0BGRZM4FN
imarku,B0B8NCBW6M
shan zu,B0C3CJ5TLX
mkeevee,B0DGC7S79J
huusk,B0FF1QKZY2
shun,B0000Y7KNQ
keemake,B0D95HZM9K
imarku,B0G2LWP743
huusk,B0D7VVNQBT
ddf iohef,B08DFSBW6J
keemake,B0CTK44HGN
d.perlla,B0DM891RVR
shan zu,B0FGXRJ48T
emojoy,B0FKB96RR6
mosfiata,B0CZNJL11L
hoshanho,B0F47WJWP1
vos,B0171BTJ84
henckels,B07N61M2X5
astercook,B0DBVDWCG1
tijeras,B0F1YPDH8G
imarku,B099PKV4ZY
wickwillow,B0F93Y59S6
enoking,B08FWRQ7WT
mad shark,B0CCJ3J5SZ
shun,B00BQ83BCE
vestaware,B0FQJHY93V
shan zu,B0DR1NKGDP
diihauzz,B0F9XXZ3QV
imarku,B0F4R9ZJCC
hinye,B0F47KMLB3
henckels,B00004RFMT
shan zu,B071JV1GDP
babish,B0DKMPKPLX
imarku,B0DJVYVYCZ
cuisinart,B0DG9WB1WM
sanmuzuo,B0B3XRTGQR
imarku,B0DDKP1N8L
gourmetop,B0CM3BT33D
syokami,B0DHS55XSF
knifesaga,B0FGQ53GQ2
imarku,B09MLGKDZ7
imarku,B0FWCCNF72
wüsthof,B09BBFBMFN
sur la table,B0CBT2LYY9
imarku,B0G2M39ZQ6
yokashi,B0C5D83X5C
imarku,B0G2M2RT8Q
hoshanho,B0DGFZ4QT7
imarku,B07GNHF45Z
xyj,B09VXRVF1Z
brodark,B0D5L76CR5
imarku,B0FY6FCLJF
henckels,B084GC1KQH
kamikoto,B011LBF5H4
misen,B09DQBF53R
huusk,B0D47GL9XS
imarku,B0CGV8RLPY
xyj,B07SZSGVXM
kanngou,B0DGL4YPPX
kincano,B088M44548
kimura,B09GCGQKNZ
imarku,B0FJDSBFPH
cutluxe,B0DKM7J73G
cutluxe,B0CB6HXM86
mosfiata,B0CZ8DS3C2
golden bird,B0DYNZK392
imarku,B0G2M2ZK9P
imarku,B0FMFHWYQ4
wüsthof,B00CEZL1OI
diversity ds,B0CTJ6TSXV
yotsuba,B0D3GX433F
naitesen,B0DJLK8TD2
imarku,B0FJRQ1HNX
ninja,B09BGSY58L
dream reach,B082NW1WG3
farberware,B0BZ158CJY
qisebin,B097JHY771
huusk,B0D5YCHVJJ
imarku,B0DTH8ZP1W
sandewily,B08N45T1F1
imarku,B094NK5KG2
famcüte,B07YPY9Q6G
diihauzz,B0F9XX89GN
tuo,B07KQ3GDBW
henckels,B0009MGN3W
imarku,B0F98MJFRR
tj pop,B0B656458S
knifesaga,B0FM3217M3
sunnecko,B0D9LS46J5
kanngou,B0DFH166MK
imarku,B0F1N3QFGR
knifesaga,B0F66QBCDW
imarku,B0FG2QWKYC
haugo,B0FQV9D497
shan zu,B0C1BFMFLZ
imarku,B0CJRQXTZ6
huusk,B0F1FCZDYD
imarku,B0FX8D4RCC
huusk,B0CYC9CDT8
purple dragon,B0FJFH1YBD
imarku,B0G367DW1L
astercook,B0DLKGFSRJ
imarku,B0DDKPMVHX
shan zu,B0FGXNGH5P
sixilang,B07X4G5427
knifesaga,B0CGVG79PS
imarku,B0G2M7ZCRG
matrlvibe,B0DRV79TZJ
imarku,B0G2LW7GMB
imarku,B0FC6KMLJW
henckels,B07BN5MZBW
mercer culinary,B005P0OLA0
imarku,B0C9QNK6HR
imarku,B0DYNMSMRP
ignited cutlery,B0F6BLXH4Q
huusk,B09QYH1781
wakoli,B004LNGPXS
imarku,B0FYFXX7GP
hzylyml,B0FKB92VRS
emojoy,B0FNWWWM3R
kitchen perfection,B09521GB44
imarku,B085XYC5L5
imarku,B0FR46S7XW
kyoku,B0F58HLDNR
imarku,B0FBX4HGT3
imarku,B091HDQRVN
imarku,B0F9XVDV1M
zwilling,B000J1BI3I
kyoku,B07BK2RSMR
imarku,B0G2LYTHV7
oderfun,B0DRJGDM69
imarku,B0F99RSKXB
imarku,B0FLNDWFL8
hoshanho,B0DGKMT54C
livtek,B0FR1NHMJQ
brewin,B09YQY517H
henckels,B0FL1K7LJT
hoshanho,B0DGL3FDWX
atumuryou jpck,B0DNF1F2HG
mercer culinary,B000PS2XI4
imarku,B0C7G4NDN9
hoshanho,B0CKYZ4LV3
senken knives,B092BDZVM4
imarku,B0FXMP8ZWZ
imarku,B0G2M1TWHC
syokami,B0FC6RG41K
huusk,B09WMRJL4T
hoshanho,B0CBTDQ28Z
imarku,B0FXMFSJC6
huusk,B0B6FVNJQT
hoshanho,B0CL7H8FWZ
imarku,B0BFR5K1YF
mitsumoto sakari,B098XQQN9Z
knifesaga,B0D22W1B9B
imarku,B0D9BB6DP3
imarku,B0DKXL2PMT
imarku,B0FY1HSXWQ
bomass,B0FHPRVY4L
sunnecko,B09JBQD9S3
hoshanho,B0DP71655L
tongmaru,B0DQ7QVDKL
hampton forge,B08BG41YSV
hoshanho,B0DGFYMJTV
imarku,B0G2M5ZZ3P
syokami,B0F3J3ZHQX
misen,B08WRHBBK1
mossy oak,B0F8MS1ZQZ
imarku,B0DX6SWZNL
syokami,B0C9MPD7ZP
imarku,B0C3PXKWWS
imarku,B0DM5HXXLF
topfeel,B0CS2R3TRR
piklohas,B0BDYMYRJ6
imarku,B0D986J58P
huusk,B0D8PB8NJJ
babish,B08WJS3KVB
imarku,B0DMDZ8QJK
haugo,B0FP4MRGJ2
huusk,B0C38X279D
hoshanho,B0DP72QCN6
imarku,B08KD27THM
imarku,B0FJXWCKJX
utopia kitchen,B00R20CZR2
kosror,B0FV8J9YT2
kuisine,B0CN6MF86G
samcook,B08SWJYV7C
knifesaga,B0FLXSVQVC
keemake,B0F53TN1NH
imarku,B0FWC99BT9
imarku,B0G2M1LTCH
rococo,B0C3CPTH9F
tijeras,B0F1YRQXN3
huusk,B0FK2914VM
veroxis,B0DPZQ94LC
imarku,B0DTH7M2DB
hoshanho,B0BRC37Z7W
hoshanho,B0FRM53T6N
emojoy,B079GQJP39
knifesaga,B0D9GKQGRF
imarku,B0G2M2DZ9C
imarku,B0FL24KL7R
imarku,B099PK5N2N
imarku,B0G2LXVNP4
kimrose,B0CDQBWRMV
imarku,B0G2M4RYHW
simple song,B078WM9N69
emojoy,B0DXPQ88ZV
hoshanho,B0DCVB4LDP
imarku,B0FJX28MFC
huusk,B0F1FCKTJ7
